{"results_dict": {"bubble sort": {"0": {"time to run": [0.048219699999999754], "number comparations": [124750], "N\u00famero de escritas": [0], "size": [500]}, "10": {"time to run": [0.08381820000000051], "number comparations": [124750], "N\u00famero de escritas": [186981], "size": [500]}, "15": {"time to run": [0.0855245], "number comparations": [124750], "N\u00famero de escritas": [180387], "size": [500]}, "25": {"time to run": [0.08742879999999964], "number comparations": [124750], "N\u00famero de escritas": [185772], "size": [500]}, "40": {"time to run": [0.08437179999999955], "number comparations": [124750], "N\u00famero de escritas": [177702], "size": [500]}, "50": {"time to run": [0.0881703000000007], "number comparations": [124750], "N\u00famero de escritas": [192105], "size": [500]}, "65": {"time to run": [0.08396619999999988], "number comparations": [124750], "N\u00famero de escritas": [197316], "size": [500]}, "75": {"time to run": [0.09595070000000039], "number comparations": [124750], "N\u00famero de escritas": [200625], "size": [500]}, "100": {"time to run": [0.08288730000000033], "number comparations": [124750], "N\u00famero de escritas": [179040], "size": [500]}}, "insertion sort": {"0": {"time to run": [0.0003784000000006671], "number comparations": [0], "N\u00famero de escritas": [998], "size": [500]}, "10": {"time to run": [0.00031870000000022713], "number comparations": [0], "N\u00famero de escritas": [998], "size": [500]}, "15": {"time to run": [0.00028649999999963427], "number comparations": [0], "N\u00famero de escritas": [998], "size": [500]}, "25": {"time to run": [0.0004334000000003613], "number comparations": [0], "N\u00famero de escritas": [998], "size": [500]}, "40": {"time to run": [0.00043120000000040903], "number comparations": [0], "N\u00famero de escritas": [998], "size": [500]}, "50": {"time to run": [0.00042619999999971014], "number comparations": [0], "N\u00famero de escritas": [998], "size": [500]}, "65": {"time to run": [0.00042570000000008434], "number comparations": [0], "N\u00famero de escritas": [998], "size": [500]}, "75": {"time to run": [0.0003657999999999717], "number comparations": [0], "N\u00famero de escritas": [998], "size": [500]}, "100": {"time to run": [0.0003925000000002399], "number comparations": [0], "N\u00famero de escritas": [998], "size": [500]}}, "quick sort": {"0": {"time to run": [0.09428849999999933], "number comparations": [125249], "N\u00famero de escritas": [2495], "size": [500]}, "10": {"time to run": [0.09405399999999986], "number comparations": [125249], "N\u00famero de escritas": [2495], "size": [500]}, "15": {"time to run": [0.09049499999999977], "number comparations": [125249], "N\u00famero de escritas": [2495], "size": [500]}, "25": {"time to run": [0.09026010000000007], "number comparations": [125249], "N\u00famero de escritas": [2495], "size": [500]}, "40": {"time to run": [0.09138299999999955], "number comparations": [125249], "N\u00famero de escritas": [2495], "size": [500]}, "50": {"time to run": [0.08987630000000024], "number comparations": [125249], "N\u00famero de escritas": [2495], "size": [500]}, "65": {"time to run": [0.09304559999999995], "number comparations": [125249], "N\u00famero de escritas": [2495], "size": [500]}, "75": {"time to run": [0.09092080000000013], "number comparations": [125249], "N\u00famero de escritas": [2495], "size": [500]}, "100": {"time to run": [0.0942286999999995], "number comparations": [125249], "N\u00famero de escritas": [2495], "size": [500]}}, "merge sort": {"0": {"time to run": [0.008004599999999584], "number comparations": [11691], "N\u00famero de escritas": [20447], "size": [500]}, "10": {"time to run": [0.006798299999999813], "number comparations": [11691], "N\u00famero de escritas": [20447], "size": [500]}, "15": {"time to run": [0.005539699999999925], "number comparations": [11691], "N\u00famero de escritas": [20447], "size": [500]}, "25": {"time to run": [0.005591499999999527], "number comparations": [11691], "N\u00famero de escritas": [20447], "size": [500]}, "40": {"time to run": [0.005524600000000213], "number comparations": [11691], "N\u00famero de escritas": [20447], "size": [500]}, "50": {"time to run": [0.0076838000000005735], "number comparations": [11691], "N\u00famero de escritas": [20447], "size": [500]}, "65": {"time to run": [0.007120800000000038], "number comparations": [11691], "N\u00famero de escritas": [20447], "size": [500]}, "75": {"time to run": [0.007633499999999849], "number comparations": [11691], "N\u00famero de escritas": [20447], "size": [500]}, "100": {"time to run": [0.006958500000000534], "number comparations": [11691], "N\u00famero de escritas": [20447], "size": [500]}}, "heap sort": {"0": {"time to run": [0.006821999999999662], "number comparations": [5712], "N\u00famero de escritas": [13062], "size": [500]}, "10": {"time to run": [0.006210100000000551], "number comparations": [5712], "N\u00famero de escritas": [13062], "size": [500]}, "15": {"time to run": [0.0063349999999999795], "number comparations": [5712], "N\u00famero de escritas": [13062], "size": [500]}, "25": {"time to run": [0.007937199999999756], "number comparations": [5712], "N\u00famero de escritas": [13062], "size": [500]}, "40": {"time to run": [0.008006200000000518], "number comparations": [5712], "N\u00famero de escritas": [13062], "size": [500]}, "50": {"time to run": [0.007092799999999677], "number comparations": [5712], "N\u00famero de escritas": [13062], "size": [500]}, "65": {"time to run": [0.008068300000000583], "number comparations": [5712], "N\u00famero de escritas": [13062], "size": [500]}, "75": {"time to run": [0.006940199999999841], "number comparations": [5712], "N\u00famero de escritas": [13062], "size": [500]}, "100": {"time to run": [0.008011599999999675], "number comparations": [5712], "N\u00famero de escritas": [13062], "size": [500]}}, "selection sort": {"0": {"time to run": [0.04980600000000024], "number comparations": [125250], "N\u00famero de escritas": [1500], "size": [500]}, "10": {"time to run": [0.04678190000000004], "number comparations": [125250], "N\u00famero de escritas": [1500], "size": [500]}, "15": {"time to run": [0.052798300000000076], "number comparations": [125250], "N\u00famero de escritas": [1500], "size": [500]}, "25": {"time to run": [0.05464179999999974], "number comparations": [125250], "N\u00famero de escritas": [1500], "size": [500]}, "40": {"time to run": [0.045757599999999954], "number comparations": [125250], "N\u00famero de escritas": [1500], "size": [500]}, "50": {"time to run": [0.048703599999999625], "number comparations": [125250], "N\u00famero de escritas": [1500], "size": [500]}, "65": {"time to run": [0.0486323999999998], "number comparations": [125250], "N\u00famero de escritas": [1500], "size": [500]}, "75": {"time to run": [0.05475899999999978], "number comparations": [125250], "N\u00famero de escritas": [1500], "size": [500]}, "100": {"time to run": [0.05577319999999997], "number comparations": [125250], "N\u00famero de escritas": [1500], "size": [500]}}}, "columns": ["Nome do algoritmo", "Porcentagem de desordena\u00e7\u00e3o", "atributo", "Valor"]}