{"tree sort avl": {"10": {"info_crescent_order": {"time to run": [0.00011609999999995235], "number comparations": [0], "number writes": [0], "size": [10], "time_to_insert": [8.419999999997874e-05], "time_to_inorder_travel": [-1.2699999999976619e-05]}, "info_decrescent_order": {"time to run": [0.00010169999999998236], "number comparations": [0], "number writes": [0], "size": [10], "time_to_insert": [7.999999999996898e-05], "time_to_inorder_travel": [-1.0300000000018628e-05]}, "info_shuffle_order": {"time to run": [8.46999999999376e-05], "number comparations": [0], "number writes": [0], "size": [10], "time_to_insert": [6.390000000000562e-05], "time_to_inorder_travel": [-9.700000000001374e-06]}}, "1000": {"info_crescent_order": {"time to run": [0.020317699999999994], "number comparations": [0], "number writes": [0], "size": [1000], "time_to_insert": [0.01951960000000008], "time_to_inorder_travel": [-0.0007104999999999473]}, "info_decrescent_order": {"time to run": [0.01737359999999999], "number comparations": [0], "number writes": [0], "size": [1000], "time_to_insert": [0.016705699999999934], "time_to_inorder_travel": [-0.0006047999999999609]}, "info_shuffle_order": {"time to run": [0.01855079999999998], "number comparations": [0], "number writes": [0], "size": [1000], "time_to_insert": [0.017600499999999908], "time_to_inorder_travel": [-0.000866699999999998]}}}, "bubble sort": {"10": {"info_crescent_order": {"time to run": [1.909999999993861e-05], "number comparations": [45], "number writes": [0], "size": [10]}, "info_decrescent_order": {"time to run": [2.7100000000057634e-05], "number comparations": [45], "number writes": [135], "size": [10]}, "info_shuffle_order": {"time to run": [2.4000000000024002e-05], "number comparations": [45], "number writes": [105], "size": [10]}}, "1000": {"info_crescent_order": {"time to run": [0.11013859999999986], "number comparations": [499500], "number writes": [0], "size": [1000]}, "info_decrescent_order": {"time to run": [0.26157260000000004], "number comparations": [499500], "number writes": [1498500], "size": [1000]}, "info_shuffle_order": {"time to run": [0.20014030000000016], "number comparations": [499500], "number writes": [734334], "size": [1000]}}}}